{
  "train_loss": [
    0.6847581357515159,
    0.6365525276721025,
    0.5849510120744464,
    0.5697508311572195,
    0.5625791504603475,
    0.5597496333242464,
    0.5510695068275228,
    0.543450507797113,
    0.5345452365254154,
    0.5328892073711428,
    0.5273636885049964,
    0.5242929163099337,
    0.5166508983664152,
    0.5143310505302012,
    0.5057641042380774,
    0.503583147245295,
    0.5044885049847996,
    0.4941629684772812,
    0.49069235580308096,
    0.49081033443202493,
    0.4877245032987675,
    0.47983395502346904,
    0.4800827898899046,
    0.47553811228575826,
    0.4701929443022784,
    0.46710228995114816,
    0.46348008964242055,
    0.4616726589303057,
    0.4594175840626244,
    0.4542997042421533,
    0.4477719381576827,
    0.445341963727935,
    0.44695164451078206,
    0.4412379427617337,
    0.43870699580977945,
    0.4321629582833843,
    0.43529015504011587,
    0.4345941478464784,
    0.43369046554845925,
    0.4320620587643455,
    0.42796819475518555,
    0.42657890865782727,
    0.42161538520780933,
    0.4242804090515906,
    0.42519919411474916,
    0.42784847957747324,
    0.4238603535820456,
    0.42151293859762307,
    0.42424131416473065
  ],
  "val_loss": [
    0.7340296635756621,
    0.5923086606167458,
    0.5773700950918971,
    0.5991477942144549,
    0.5639719109277468,
    0.5467917685573166,
    0.5543788139884537,
    0.5469521251884667,
    0.5875160782723814,
    0.560867960388596,
    0.5627213273499463,
    0.5402069695898004,
    0.5390677669563809,
    0.5446178969499227,
    0.5514619535691029,
    0.5592925544526126,
    0.5732410384996517,
    0.5466831092898911,
    0.5501403349476892,
    0.5371586680412292,
    0.5813942559667535,
    0.5514146234538104,
    0.6166259167162148,
    0.5940483655478503,
    0.5753046395005407,
    0.5744961306855485,
    0.5982093863390587,
    0.5890308634654896,
    0.5762364687146367,
    0.6115313140121666,
    0.6416100754931167,
    0.6345936949994113,
    0.6082854661587123,
    0.611869686761418,
    0.6182942116582716,
    0.6349665941418828,
    0.6236949518725678,
    0.6296195017324911,
    0.6350748768529376,
    0.6374035493747608,
    0.65554573970872,
    0.6314734502418621,
    0.6444134732355943,
    0.6386402688316397,
    0.6434755224633861,
    0.652282971788097,
    0.6503046815459793,
    0.6497523579243067,
    0.6490296165685396
  ],
  "train_acc": [
    0.5395084566596194,
    0.6316067653276956,
    0.7103594080338267,
    0.718816067653277,
    0.7221194503171248,
    0.7235729386892178,
    0.7288583509513742,
    0.7348044397463002,
    0.7449788583509513,
    0.7506606765327696,
    0.7523784355179705,
    0.7519820295983086,
    0.7580602536997886,
    0.7605708245243129,
    0.7641384778012685,
    0.7632135306553911,
    0.7641384778012685,
    0.7724630021141649,
    0.7715380549682875,
    0.7745771670190275,
    0.7729915433403806,
    0.7794661733615222,
    0.7748414376321353,
    0.781316067653277,
    0.7885835095137421,
    0.7814482029598309,
    0.7860729386892178,
    0.7913583509513742,
    0.7924154334038055,
    0.7934725158562368,
    0.7938689217758985,
    0.7983615221987315,
    0.7984936575052854,
    0.7987579281183932,
    0.8017970401691332,
    0.8010042283298098,
    0.804968287526427,
    0.805100422832981,
    0.8016649048625792,
    0.8073467230443975,
    0.8081395348837209,
    0.8066860465116279,
    0.8097251585623678,
    0.809593023255814,
    0.8047040169133193,
    0.8088002114164905,
    0.8093287526427061,
    0.8091966173361522,
    0.8045718816067653
  ],
  "val_acc": [
    0.49462827675118176,
    0.7103566824237215,
    0.6948861194671251,
    0.7073485174043833,
    0.7082079931241942,
    0.7193811774817361,
    0.7262569832402235,
    0.7378599054576708,
    0.710786420283627,
    0.7271164589600344,
    0.725827245380318,
    0.73700042973786,
    0.740868070477009,
    0.7434464976364418,
    0.7357112161581435,
    0.730554361839278,
    0.7434464976364418,
    0.7404383326171036,
    0.7451654490760636,
    0.7460249247958746,
    0.7400085947571982,
    0.7331327889987108,
    0.7275461968199398,
    0.74645466265578,
    0.7460249247958746,
    0.745595186935969,
    0.7335625268586162,
    0.74645466265578,
    0.7434464976364418,
    0.7404383326171036,
    0.7425870219166308,
    0.731413837559089,
    0.7447357112161581,
    0.7503223033949291,
    0.7486033519553073,
    0.7486033519553073,
    0.7516115169746455,
    0.7537602062741727,
    0.7559088955737,
    0.7550494198538892,
    0.7490330898152128,
    0.7494628276751182,
    0.75118177911474,
    0.7524709926944564,
    0.752041254834551,
    0.7524709926944564,
    0.7524709926944564,
    0.7524709926944564,
    0.7516115169746455
  ]
}